,0
0,"{'label': 'POSITIVE', 'score': 0.9937443137168884}"
1,"{'label': 'POSITIVE', 'score': 0.9873818755149841}"
2,"{'label': 'POSITIVE', 'score': 0.9952449202537537}"
3,"{'label': 'POSITIVE', 'score': 0.9891422986984253}"
4,"{'label': 'POSITIVE', 'score': 0.9951463341712952}"
5,"{'label': 'POSITIVE', 'score': 0.9985180497169495}"
6,"{'label': 'NEGATIVE', 'score': 0.9910299777984619}"
7,"{'label': 'POSITIVE', 'score': 0.9922968745231628}"
8,"{'label': 'POSITIVE', 'score': 0.996178388595581}"
9,"{'label': 'POSITIVE', 'score': 0.9988846182823181}"
10,"{'label': 'POSITIVE', 'score': 0.9950685501098633}"
11,"{'label': 'NEGATIVE', 'score': 0.9940296411514282}"
12,"{'label': 'POSITIVE', 'score': 0.997231662273407}"
13,"{'label': 'POSITIVE', 'score': 0.998011589050293}"
14,"{'label': 'NEGATIVE', 'score': 0.9960371851921082}"
15,"{'label': 'NEGATIVE', 'score': 0.9926843047142029}"
16,"{'label': 'NEGATIVE', 'score': 0.978004515171051}"
17,"{'label': 'POSITIVE', 'score': 0.9887562394142151}"
18,"{'label': 'POSITIVE', 'score': 0.9904224872589111}"
19,"{'label': 'POSITIVE', 'score': 0.9957483410835266}"
20,"{'label': 'POSITIVE', 'score': 0.9982889294624329}"
21,"{'label': 'POSITIVE', 'score': 0.9987568855285645}"
22,"{'label': 'POSITIVE', 'score': 0.9966817498207092}"
23,"{'label': 'POSITIVE', 'score': 0.9954723715782166}"
24,"{'label': 'NEGATIVE', 'score': 0.9798938632011414}"
25,"{'label': 'POSITIVE', 'score': 0.9942936301231384}"
26,"{'label': 'POSITIVE', 'score': 0.9930288195610046}"
27,"{'label': 'POSITIVE', 'score': 0.9937466382980347}"
28,"{'label': 'POSITIVE', 'score': 0.9983060359954834}"
29,"{'label': 'POSITIVE', 'score': 0.9985301494598389}"
30,"{'label': 'POSITIVE', 'score': 0.9946681261062622}"
31,"{'label': 'NEGATIVE', 'score': 0.9972894191741943}"
32,"{'label': 'POSITIVE', 'score': 0.9981630444526672}"
33,"{'label': 'POSITIVE', 'score': 0.9904071688652039}"
34,"{'label': 'POSITIVE', 'score': 0.9985629916191101}"
35,"{'label': 'POSITIVE', 'score': 0.9727389812469482}"
36,"{'label': 'POSITIVE', 'score': 0.992523729801178}"
37,"{'label': 'POSITIVE', 'score': 0.9979878664016724}"
38,"{'label': 'POSITIVE', 'score': 0.6033985018730164}"
39,"{'label': 'POSITIVE', 'score': 0.9980898499488831}"
40,"{'label': 'POSITIVE', 'score': 0.9883437156677246}"
41,"{'label': 'NEGATIVE', 'score': 0.9981855750083923}"
42,"{'label': 'POSITIVE', 'score': 0.9587985277175903}"
43,"{'label': 'POSITIVE', 'score': 0.9981309771537781}"
44,"{'label': 'POSITIVE', 'score': 0.998295247554779}"
45,"{'label': 'POSITIVE', 'score': 0.9963196516036987}"
46,"{'label': 'POSITIVE', 'score': 0.9818230867385864}"
47,"{'label': 'POSITIVE', 'score': 0.9953828454017639}"
48,"{'label': 'POSITIVE', 'score': 0.9979187846183777}"
49,"{'label': 'POSITIVE', 'score': 0.9987071752548218}"
50,"{'label': 'POSITIVE', 'score': 0.9973710775375366}"
51,"{'label': 'POSITIVE', 'score': 0.9986433386802673}"
52,"{'label': 'NEGATIVE', 'score': 0.9978261590003967}"
53,"{'label': 'POSITIVE', 'score': 0.9956403970718384}"
54,"{'label': 'POSITIVE', 'score': 0.9986806511878967}"
55,"{'label': 'POSITIVE', 'score': 0.9980196952819824}"
56,"{'label': 'POSITIVE', 'score': 0.9973255395889282}"
57,"{'label': 'NEGATIVE', 'score': 0.9909321069717407}"
58,"{'label': 'POSITIVE', 'score': 0.9845118522644043}"
59,"{'label': 'POSITIVE', 'score': 0.9944826364517212}"
60,"{'label': 'POSITIVE', 'score': 0.9973146319389343}"
61,"{'label': 'POSITIVE', 'score': 0.9978554844856262}"
62,"{'label': 'POSITIVE', 'score': 0.9983875751495361}"
63,"{'label': 'POSITIVE', 'score': 0.9967183470726013}"
64,"{'label': 'POSITIVE', 'score': 0.9970129728317261}"
65,"{'label': 'POSITIVE', 'score': 0.9975636005401611}"
66,"{'label': 'POSITIVE', 'score': 0.9984503984451294}"
67,"{'label': 'NEGATIVE', 'score': 0.9924628734588623}"
68,"{'label': 'POSITIVE', 'score': 0.9972190856933594}"
69,"{'label': 'NEGATIVE', 'score': 0.9916996955871582}"
70,"{'label': 'POSITIVE', 'score': 0.993353009223938}"
71,"{'label': 'POSITIVE', 'score': 0.9956717491149902}"
72,"{'label': 'POSITIVE', 'score': 0.9986240863800049}"
73,"{'label': 'POSITIVE', 'score': 0.979101300239563}"
74,"{'label': 'NEGATIVE', 'score': 0.9975428581237793}"
75,"{'label': 'NEGATIVE', 'score': 0.9785932302474976}"
76,"{'label': 'POSITIVE', 'score': 0.9468812942504883}"
77,"{'label': 'POSITIVE', 'score': 0.9983733892440796}"
78,"{'label': 'POSITIVE', 'score': 0.9973649382591248}"
79,"{'label': 'POSITIVE', 'score': 0.9982931017875671}"
80,"{'label': 'POSITIVE', 'score': 0.9979827404022217}"
81,"{'label': 'POSITIVE', 'score': 0.9976657629013062}"
82,"{'label': 'POSITIVE', 'score': 0.9966193437576294}"
83,"{'label': 'POSITIVE', 'score': 0.9983017444610596}"
84,"{'label': 'POSITIVE', 'score': 0.5134661197662354}"
85,"{'label': 'POSITIVE', 'score': 0.9986101388931274}"
86,"{'label': 'POSITIVE', 'score': 0.9978762865066528}"
87,"{'label': 'POSITIVE', 'score': 0.994681179523468}"
88,"{'label': 'POSITIVE', 'score': 0.9982410669326782}"
89,"{'label': 'POSITIVE', 'score': 0.9985815286636353}"
90,"{'label': 'POSITIVE', 'score': 0.994543194770813}"
91,"{'label': 'POSITIVE', 'score': 0.9986093044281006}"
92,"{'label': 'POSITIVE', 'score': 0.9919241070747375}"
93,"{'label': 'POSITIVE', 'score': 0.9982234835624695}"
94,"{'label': 'NEGATIVE', 'score': 0.9982931017875671}"
95,"{'label': 'NEGATIVE', 'score': 0.9936034083366394}"
96,"{'label': 'POSITIVE', 'score': 0.9972237348556519}"
97,"{'label': 'POSITIVE', 'score': 0.9953874945640564}"
98,"{'label': 'NEGATIVE', 'score': 0.9899923205375671}"
99,"{'label': 'POSITIVE', 'score': 0.9959918856620789}"
100,"{'label': 'POSITIVE', 'score': 0.9986599683761597}"
101,"{'label': 'POSITIVE', 'score': 0.9788817167282104}"
102,"{'label': 'POSITIVE', 'score': 0.9979150891304016}"
103,"{'label': 'POSITIVE', 'score': 0.9897803068161011}"
104,"{'label': 'NEGATIVE', 'score': 0.9935264587402344}"
105,"{'label': 'POSITIVE', 'score': 0.9972161054611206}"
106,"{'label': 'POSITIVE', 'score': 0.9978969097137451}"
107,"{'label': 'POSITIVE', 'score': 0.9986464381217957}"
108,"{'label': 'NEGATIVE', 'score': 0.999030351638794}"
109,"{'label': 'POSITIVE', 'score': 0.9974114298820496}"
110,"{'label': 'POSITIVE', 'score': 0.9863455891609192}"
111,"{'label': 'POSITIVE', 'score': 0.994166374206543}"
112,"{'label': 'POSITIVE', 'score': 0.9978255033493042}"
113,"{'label': 'POSITIVE', 'score': 0.9975388050079346}"
114,"{'label': 'POSITIVE', 'score': 0.9975002408027649}"
115,"{'label': 'POSITIVE', 'score': 0.9981456995010376}"
116,"{'label': 'POSITIVE', 'score': 0.9979701638221741}"
117,"{'label': 'POSITIVE', 'score': 0.9984118938446045}"
118,"{'label': 'POSITIVE', 'score': 0.9971436858177185}"
119,"{'label': 'POSITIVE', 'score': 0.9959138035774231}"
120,"{'label': 'POSITIVE', 'score': 0.9981367588043213}"
121,"{'label': 'POSITIVE', 'score': 0.9981729984283447}"
122,"{'label': 'NEGATIVE', 'score': 0.970879077911377}"
123,"{'label': 'POSITIVE', 'score': 0.997840166091919}"
124,"{'label': 'POSITIVE', 'score': 0.9959346055984497}"
125,"{'label': 'NEGATIVE', 'score': 0.9967603087425232}"
126,"{'label': 'POSITIVE', 'score': 0.9970532655715942}"
127,"{'label': 'POSITIVE', 'score': 0.9912380576133728}"
128,"{'label': 'POSITIVE', 'score': 0.9983262419700623}"
129,"{'label': 'POSITIVE', 'score': 0.9849556088447571}"
130,"{'label': 'NEGATIVE', 'score': 0.9876688122749329}"
131,"{'label': 'NEGATIVE', 'score': 0.995744526386261}"
132,"{'label': 'POSITIVE', 'score': 0.9971664547920227}"
133,"{'label': 'POSITIVE', 'score': 0.9983495473861694}"
134,"{'label': 'POSITIVE', 'score': 0.997853696346283}"
135,"{'label': 'POSITIVE', 'score': 0.9970355033874512}"
136,"{'label': 'POSITIVE', 'score': 0.997795581817627}"
137,"{'label': 'POSITIVE', 'score': 0.9968677163124084}"
138,"{'label': 'POSITIVE', 'score': 0.9932153224945068}"
139,"{'label': 'POSITIVE', 'score': 0.992260754108429}"
140,"{'label': 'POSITIVE', 'score': 0.9979013204574585}"
141,"{'label': 'POSITIVE', 'score': 0.9971368312835693}"
142,"{'label': 'POSITIVE', 'score': 0.9936590790748596}"
143,"{'label': 'POSITIVE', 'score': 0.998372495174408}"
144,"{'label': 'POSITIVE', 'score': 0.9626914262771606}"
145,"{'label': 'POSITIVE', 'score': 0.9984939098358154}"
146,"{'label': 'POSITIVE', 'score': 0.9902970194816589}"
147,"{'label': 'POSITIVE', 'score': 0.9985966086387634}"
148,"{'label': 'POSITIVE', 'score': 0.9942163228988647}"
149,"{'label': 'POSITIVE', 'score': 0.9888806343078613}"
150,"{'label': 'POSITIVE', 'score': 0.9956914782524109}"
151,"{'label': 'POSITIVE', 'score': 0.9438168406486511}"
152,"{'label': 'POSITIVE', 'score': 0.9979532957077026}"
153,"{'label': 'POSITIVE', 'score': 0.997543215751648}"
154,"{'label': 'POSITIVE', 'score': 0.9958963394165039}"
155,"{'label': 'POSITIVE', 'score': 0.9984288811683655}"
156,"{'label': 'POSITIVE', 'score': 0.971960723400116}"
157,"{'label': 'POSITIVE', 'score': 0.9984226226806641}"
158,"{'label': 'POSITIVE', 'score': 0.9981720447540283}"
159,"{'label': 'POSITIVE', 'score': 0.9981982111930847}"
160,"{'label': 'POSITIVE', 'score': 0.9927839040756226}"
161,"{'label': 'POSITIVE', 'score': 0.9943256974220276}"
162,"{'label': 'POSITIVE', 'score': 0.9936140179634094}"
163,"{'label': 'POSITIVE', 'score': 0.9955524802207947}"
164,"{'label': 'POSITIVE', 'score': 0.9956996440887451}"
165,"{'label': 'NEGATIVE', 'score': 0.9934908747673035}"
166,"{'label': 'POSITIVE', 'score': 0.9983433485031128}"
167,"{'label': 'POSITIVE', 'score': 0.9909014701843262}"
168,"{'label': 'POSITIVE', 'score': 0.9885026216506958}"
169,"{'label': 'POSITIVE', 'score': 0.9986734390258789}"
170,"{'label': 'POSITIVE', 'score': 0.9912241697311401}"
171,"{'label': 'POSITIVE', 'score': 0.9841935038566589}"
172,"{'label': 'POSITIVE', 'score': 0.9967136383056641}"
173,"{'label': 'POSITIVE', 'score': 0.9954930543899536}"
174,"{'label': 'POSITIVE', 'score': 0.9974575638771057}"
175,"{'label': 'POSITIVE', 'score': 0.998230516910553}"
176,"{'label': 'POSITIVE', 'score': 0.9984581470489502}"
177,"{'label': 'POSITIVE', 'score': 0.99648118019104}"
178,"{'label': 'NEGATIVE', 'score': 0.973820686340332}"
179,"{'label': 'NEGATIVE', 'score': 0.9987156391143799}"
180,"{'label': 'NEGATIVE', 'score': 0.9894767999649048}"
181,"{'label': 'POSITIVE', 'score': 0.9980304837226868}"
182,"{'label': 'POSITIVE', 'score': 0.998259961605072}"
183,"{'label': 'NEGATIVE', 'score': 0.9960970282554626}"
184,"{'label': 'NEGATIVE', 'score': 0.9938115477561951}"
185,"{'label': 'POSITIVE', 'score': 0.9978623986244202}"
186,"{'label': 'NEGATIVE', 'score': 0.9945433139801025}"
187,"{'label': 'POSITIVE', 'score': 0.9167699217796326}"
188,"{'label': 'NEGATIVE', 'score': 0.9983364939689636}"
189,"{'label': 'POSITIVE', 'score': 0.9923599362373352}"
190,"{'label': 'POSITIVE', 'score': 0.9903097748756409}"
191,"{'label': 'POSITIVE', 'score': 0.9837175607681274}"
192,"{'label': 'POSITIVE', 'score': 0.9982896447181702}"
193,"{'label': 'POSITIVE', 'score': 0.9937437176704407}"
194,"{'label': 'POSITIVE', 'score': 0.9933311343193054}"
195,"{'label': 'POSITIVE', 'score': 0.9927668571472168}"
196,"{'label': 'POSITIVE', 'score': 0.9987947940826416}"
197,"{'label': 'POSITIVE', 'score': 0.9902004599571228}"
198,"{'label': 'POSITIVE', 'score': 0.9986060261726379}"
199,"{'label': 'NEGATIVE', 'score': 0.9989683628082275}"
200,"{'label': 'POSITIVE', 'score': 0.9941017031669617}"
201,"{'label': 'POSITIVE', 'score': 0.9985957741737366}"
202,"{'label': 'POSITIVE', 'score': 0.9864991903305054}"
203,"{'label': 'NEGATIVE', 'score': 0.9903461337089539}"
204,"{'label': 'NEGATIVE', 'score': 0.9928198456764221}"
205,"{'label': 'POSITIVE', 'score': 0.9982671737670898}"
206,"{'label': 'POSITIVE', 'score': 0.8944128751754761}"
207,"{'label': 'POSITIVE', 'score': 0.9966068267822266}"
208,"{'label': 'POSITIVE', 'score': 0.9969784021377563}"
209,"{'label': 'NEGATIVE', 'score': 0.9760573506355286}"
210,"{'label': 'POSITIVE', 'score': 0.9979122281074524}"
211,"{'label': 'NEGATIVE', 'score': 0.9870319366455078}"
212,"{'label': 'POSITIVE', 'score': 0.9927629828453064}"
213,"{'label': 'POSITIVE', 'score': 0.9815163612365723}"
214,"{'label': 'POSITIVE', 'score': 0.9905881881713867}"
215,"{'label': 'POSITIVE', 'score': 0.9983116388320923}"
216,"{'label': 'POSITIVE', 'score': 0.9745161533355713}"
217,"{'label': 'POSITIVE', 'score': 0.9798914790153503}"
218,"{'label': 'POSITIVE', 'score': 0.9526293277740479}"
219,"{'label': 'POSITIVE', 'score': 0.997385561466217}"
220,"{'label': 'POSITIVE', 'score': 0.998634397983551}"
221,"{'label': 'POSITIVE', 'score': 0.9985502362251282}"
222,"{'label': 'POSITIVE', 'score': 0.9977946281433105}"
223,"{'label': 'POSITIVE', 'score': 0.9974873065948486}"
224,"{'label': 'POSITIVE', 'score': 0.9976544976234436}"
225,"{'label': 'POSITIVE', 'score': 0.9975341558456421}"
226,"{'label': 'POSITIVE', 'score': 0.9908334612846375}"
227,"{'label': 'POSITIVE', 'score': 0.9984862804412842}"
228,"{'label': 'POSITIVE', 'score': 0.9952901601791382}"
229,"{'label': 'POSITIVE', 'score': 0.998630166053772}"
230,"{'label': 'POSITIVE', 'score': 0.9983661770820618}"
231,"{'label': 'NEGATIVE', 'score': 0.9932994842529297}"
232,"{'label': 'POSITIVE', 'score': 0.9951188564300537}"
233,"{'label': 'POSITIVE', 'score': 0.9946617484092712}"
234,"{'label': 'POSITIVE', 'score': 0.9984257221221924}"
235,"{'label': 'POSITIVE', 'score': 0.9963095784187317}"
236,"{'label': 'POSITIVE', 'score': 0.9978013634681702}"
237,"{'label': 'NEGATIVE', 'score': 0.9961166381835938}"
238,"{'label': 'POSITIVE', 'score': 0.9934753775596619}"
239,"{'label': 'NEGATIVE', 'score': 0.9840001463890076}"
240,"{'label': 'POSITIVE', 'score': 0.9985978007316589}"
241,"{'label': 'POSITIVE', 'score': 0.9982806444168091}"
242,"{'label': 'POSITIVE', 'score': 0.9963800311088562}"
243,"{'label': 'POSITIVE', 'score': 0.9891207218170166}"
244,"{'label': 'POSITIVE', 'score': 0.9982459545135498}"
245,"{'label': 'POSITIVE', 'score': 0.9987492561340332}"
246,"{'label': 'POSITIVE', 'score': 0.9981631636619568}"
247,"{'label': 'POSITIVE', 'score': 0.9928092956542969}"
248,"{'label': 'NEGATIVE', 'score': 0.9903424978256226}"
249,"{'label': 'POSITIVE', 'score': 0.9985230565071106}"
250,"{'label': 'NEGATIVE', 'score': 0.995755672454834}"
251,"{'label': 'POSITIVE', 'score': 0.9929319620132446}"
252,"{'label': 'POSITIVE', 'score': 0.998271107673645}"
253,"{'label': 'POSITIVE', 'score': 0.9894670844078064}"
254,"{'label': 'POSITIVE', 'score': 0.9971440434455872}"
255,"{'label': 'POSITIVE', 'score': 0.9957270622253418}"
256,"{'label': 'NEGATIVE', 'score': 0.9832615256309509}"
257,"{'label': 'POSITIVE', 'score': 0.9418151378631592}"
258,"{'label': 'NEGATIVE', 'score': 0.972504198551178}"
259,"{'label': 'POSITIVE', 'score': 0.9985805749893188}"
260,"{'label': 'NEGATIVE', 'score': 0.9957981705665588}"
261,"{'label': 'POSITIVE', 'score': 0.9984820485115051}"
262,"{'label': 'POSITIVE', 'score': 0.9795591831207275}"
263,"{'label': 'POSITIVE', 'score': 0.9969581365585327}"
264,"{'label': 'NEGATIVE', 'score': 0.996699869632721}"
265,"{'label': 'POSITIVE', 'score': 0.9978808164596558}"
266,"{'label': 'NEGATIVE', 'score': 0.989924430847168}"
267,"{'label': 'POSITIVE', 'score': 0.9975064396858215}"
268,"{'label': 'POSITIVE', 'score': 0.9957578778266907}"
269,"{'label': 'POSITIVE', 'score': 0.9965389966964722}"
270,"{'label': 'POSITIVE', 'score': 0.998291552066803}"
271,"{'label': 'NEGATIVE', 'score': 0.9911378026008606}"
272,"{'label': 'POSITIVE', 'score': 0.9985554814338684}"
273,"{'label': 'POSITIVE', 'score': 0.9808835387229919}"
274,"{'label': 'POSITIVE', 'score': 0.9975478053092957}"
275,"{'label': 'POSITIVE', 'score': 0.7902879118919373}"
276,"{'label': 'POSITIVE', 'score': 0.9981114864349365}"
277,"{'label': 'NEGATIVE', 'score': 0.9908514618873596}"
278,"{'label': 'POSITIVE', 'score': 0.9978749752044678}"
279,"{'label': 'NEGATIVE', 'score': 0.9967033267021179}"
280,"{'label': 'POSITIVE', 'score': 0.9979725480079651}"
281,"{'label': 'POSITIVE', 'score': 0.9978815913200378}"
282,"{'label': 'POSITIVE', 'score': 0.9971869587898254}"
283,"{'label': 'NEGATIVE', 'score': 0.9965630173683167}"
284,"{'label': 'POSITIVE', 'score': 0.9947838187217712}"
285,"{'label': 'NEGATIVE', 'score': 0.9978057742118835}"
286,"{'label': 'POSITIVE', 'score': 0.9983283877372742}"
287,"{'label': 'POSITIVE', 'score': 0.9973841309547424}"
288,"{'label': 'POSITIVE', 'score': 0.9966879487037659}"
289,"{'label': 'POSITIVE', 'score': 0.9965168237686157}"
290,"{'label': 'POSITIVE', 'score': 0.997639536857605}"
291,"{'label': 'POSITIVE', 'score': 0.9940897226333618}"
292,"{'label': 'POSITIVE', 'score': 0.992350161075592}"
293,"{'label': 'POSITIVE', 'score': 0.9836120009422302}"
294,"{'label': 'NEGATIVE', 'score': 0.9875630140304565}"
295,"{'label': 'POSITIVE', 'score': 0.9982733726501465}"
296,"{'label': 'POSITIVE', 'score': 0.9857833385467529}"
297,"{'label': 'POSITIVE', 'score': 0.9846871495246887}"
298,"{'label': 'POSITIVE', 'score': 0.9978893399238586}"
299,"{'label': 'POSITIVE', 'score': 0.9945460557937622}"
300,"{'label': 'POSITIVE', 'score': 0.9951928853988647}"
301,"{'label': 'POSITIVE', 'score': 0.9893061518669128}"
302,"{'label': 'POSITIVE', 'score': 0.9982607960700989}"
303,"{'label': 'POSITIVE', 'score': 0.9960458874702454}"
304,"{'label': 'POSITIVE', 'score': 0.996716320514679}"
305,"{'label': 'POSITIVE', 'score': 0.9924499988555908}"
306,"{'label': 'POSITIVE', 'score': 0.996875524520874}"
307,"{'label': 'POSITIVE', 'score': 0.9915906190872192}"
308,"{'label': 'POSITIVE', 'score': 0.9973674416542053}"
309,"{'label': 'POSITIVE', 'score': 0.998591959476471}"
310,"{'label': 'POSITIVE', 'score': 0.9951198101043701}"
311,"{'label': 'POSITIVE', 'score': 0.9975455403327942}"
312,"{'label': 'POSITIVE', 'score': 0.9969435334205627}"
313,"{'label': 'POSITIVE', 'score': 0.9987708926200867}"
314,"{'label': 'POSITIVE', 'score': 0.9860693216323853}"
315,"{'label': 'POSITIVE', 'score': 0.9976357221603394}"
316,"{'label': 'POSITIVE', 'score': 0.9984958171844482}"
317,"{'label': 'NEGATIVE', 'score': 0.9682399034500122}"
318,"{'label': 'NEGATIVE', 'score': 0.9975651502609253}"
319,"{'label': 'POSITIVE', 'score': 0.9978955984115601}"
320,"{'label': 'POSITIVE', 'score': 0.9978876709938049}"
321,"{'label': 'NEGATIVE', 'score': 0.8524888753890991}"
322,"{'label': 'POSITIVE', 'score': 0.9978823065757751}"
323,"{'label': 'POSITIVE', 'score': 0.9900376796722412}"
324,"{'label': 'NEGATIVE', 'score': 0.9937519431114197}"
325,"{'label': 'POSITIVE', 'score': 0.9977570176124573}"
326,"{'label': 'POSITIVE', 'score': 0.9956851005554199}"
327,"{'label': 'POSITIVE', 'score': 0.9941225647926331}"
328,"{'label': 'POSITIVE', 'score': 0.9981048107147217}"
329,"{'label': 'POSITIVE', 'score': 0.995299220085144}"
330,"{'label': 'POSITIVE', 'score': 0.9960248470306396}"
331,"{'label': 'POSITIVE', 'score': 0.9986245632171631}"
332,"{'label': 'POSITIVE', 'score': 0.997961163520813}"
333,"{'label': 'POSITIVE', 'score': 0.9960964322090149}"
334,"{'label': 'NEGATIVE', 'score': 0.9985309839248657}"
335,"{'label': 'POSITIVE', 'score': 0.9947890043258667}"
336,"{'label': 'NEGATIVE', 'score': 0.9981411695480347}"
337,"{'label': 'POSITIVE', 'score': 0.986493706703186}"
338,"{'label': 'POSITIVE', 'score': 0.9977610111236572}"
339,"{'label': 'POSITIVE', 'score': 0.9980218410491943}"
340,"{'label': 'POSITIVE', 'score': 0.9930651187896729}"
341,"{'label': 'NEGATIVE', 'score': 0.9764060378074646}"
342,"{'label': 'POSITIVE', 'score': 0.9848169684410095}"
343,"{'label': 'POSITIVE', 'score': 0.998175859451294}"
344,"{'label': 'POSITIVE', 'score': 0.9987749457359314}"
345,"{'label': 'POSITIVE', 'score': 0.9973836541175842}"
346,"{'label': 'POSITIVE', 'score': 0.9973859190940857}"
347,"{'label': 'POSITIVE', 'score': 0.99788898229599}"
348,"{'label': 'POSITIVE', 'score': 0.9986384510993958}"
349,"{'label': 'POSITIVE', 'score': 0.9985480904579163}"
350,"{'label': 'POSITIVE', 'score': 0.9948274493217468}"
351,"{'label': 'NEGATIVE', 'score': 0.9961320161819458}"
352,"{'label': 'NEGATIVE', 'score': 0.9918434023857117}"
353,"{'label': 'POSITIVE', 'score': 0.997505247592926}"
354,"{'label': 'POSITIVE', 'score': 0.9978526830673218}"
355,"{'label': 'NEGATIVE', 'score': 0.9863070845603943}"
356,"{'label': 'POSITIVE', 'score': 0.9957093000411987}"
357,"{'label': 'POSITIVE', 'score': 0.9920830726623535}"
358,"{'label': 'POSITIVE', 'score': 0.9552643299102783}"
359,"{'label': 'NEGATIVE', 'score': 0.9698012471199036}"
360,"{'label': 'NEGATIVE', 'score': 0.5656698346138}"
361,"{'label': 'POSITIVE', 'score': 0.9970006346702576}"
362,"{'label': 'POSITIVE', 'score': 0.9973723888397217}"
363,"{'label': 'POSITIVE', 'score': 0.9981933236122131}"
364,"{'label': 'POSITIVE', 'score': 0.9951286315917969}"
365,"{'label': 'POSITIVE', 'score': 0.9931957721710205}"
366,"{'label': 'POSITIVE', 'score': 0.9980029463768005}"
367,"{'label': 'POSITIVE', 'score': 0.994981586933136}"
368,"{'label': 'NEGATIVE', 'score': 0.989425539970398}"
369,"{'label': 'NEGATIVE', 'score': 0.9949502944946289}"
370,"{'label': 'POSITIVE', 'score': 0.9863343834877014}"
371,"{'label': 'POSITIVE', 'score': 0.9954628348350525}"
372,"{'label': 'POSITIVE', 'score': 0.9967845678329468}"
373,"{'label': 'POSITIVE', 'score': 0.9982821941375732}"
374,"{'label': 'NEGATIVE', 'score': 0.9707276225090027}"
375,"{'label': 'POSITIVE', 'score': 0.9985778331756592}"
376,"{'label': 'POSITIVE', 'score': 0.9979286193847656}"
377,"{'label': 'POSITIVE', 'score': 0.9983080625534058}"
378,"{'label': 'POSITIVE', 'score': 0.9970130920410156}"
379,"{'label': 'POSITIVE', 'score': 0.996607780456543}"
380,"{'label': 'NEGATIVE', 'score': 0.953178346157074}"
381,"{'label': 'NEGATIVE', 'score': 0.9955697655677795}"
382,"{'label': 'POSITIVE', 'score': 0.9943258166313171}"
383,"{'label': 'POSITIVE', 'score': 0.9979902505874634}"
384,"{'label': 'POSITIVE', 'score': 0.9977961778640747}"
385,"{'label': 'POSITIVE', 'score': 0.9964424967765808}"
386,"{'label': 'POSITIVE', 'score': 0.9963080883026123}"
387,"{'label': 'POSITIVE', 'score': 0.9954336285591125}"
388,"{'label': 'POSITIVE', 'score': 0.9972454309463501}"
389,"{'label': 'POSITIVE', 'score': 0.9898219108581543}"
390,"{'label': 'POSITIVE', 'score': 0.9961612224578857}"
391,"{'label': 'POSITIVE', 'score': 0.9950301647186279}"
392,"{'label': 'POSITIVE', 'score': 0.9977371692657471}"
393,"{'label': 'POSITIVE', 'score': 0.9984379410743713}"
394,"{'label': 'POSITIVE', 'score': 0.9977631568908691}"
395,"{'label': 'POSITIVE', 'score': 0.9984850287437439}"
396,"{'label': 'POSITIVE', 'score': 0.9977970123291016}"
397,"{'label': 'POSITIVE', 'score': 0.9983981251716614}"
398,"{'label': 'POSITIVE', 'score': 0.9959931373596191}"
399,"{'label': 'POSITIVE', 'score': 0.9987932443618774}"
400,"{'label': 'POSITIVE', 'score': 0.9984545707702637}"
401,"{'label': 'POSITIVE', 'score': 0.9984173774719238}"
402,"{'label': 'POSITIVE', 'score': 0.9973264932632446}"
403,"{'label': 'POSITIVE', 'score': 0.996938943862915}"
404,"{'label': 'POSITIVE', 'score': 0.9985299110412598}"
405,"{'label': 'POSITIVE', 'score': 0.9961795806884766}"
406,"{'label': 'POSITIVE', 'score': 0.997928261756897}"
407,"{'label': 'POSITIVE', 'score': 0.9978207349777222}"
408,"{'label': 'POSITIVE', 'score': 0.9984462857246399}"
409,"{'label': 'POSITIVE', 'score': 0.9984670281410217}"
410,"{'label': 'POSITIVE', 'score': 0.9974835515022278}"
411,"{'label': 'POSITIVE', 'score': 0.9897213578224182}"
412,"{'label': 'POSITIVE', 'score': 0.9821199774742126}"
413,"{'label': 'POSITIVE', 'score': 0.9980869293212891}"
414,"{'label': 'POSITIVE', 'score': 0.9973834156990051}"
415,"{'label': 'POSITIVE', 'score': 0.9974256157875061}"
416,"{'label': 'POSITIVE', 'score': 0.9985523819923401}"
417,"{'label': 'POSITIVE', 'score': 0.997731626033783}"
418,"{'label': 'POSITIVE', 'score': 0.9983475208282471}"
419,"{'label': 'POSITIVE', 'score': 0.9974932670593262}"
420,"{'label': 'POSITIVE', 'score': 0.9779128432273865}"
421,"{'label': 'POSITIVE', 'score': 0.9981613755226135}"
422,"{'label': 'POSITIVE', 'score': 0.9939259886741638}"
423,"{'label': 'NEGATIVE', 'score': 0.9868751168251038}"
424,"{'label': 'POSITIVE', 'score': 0.9882275462150574}"
425,"{'label': 'POSITIVE', 'score': 0.9973471164703369}"
426,"{'label': 'POSITIVE', 'score': 0.9838367104530334}"
427,"{'label': 'POSITIVE', 'score': 0.9958990216255188}"
428,"{'label': 'POSITIVE', 'score': 0.9974453449249268}"
429,"{'label': 'POSITIVE', 'score': 0.9639335870742798}"
430,"{'label': 'POSITIVE', 'score': 0.9974000453948975}"
431,"{'label': 'NEGATIVE', 'score': 0.9928005933761597}"
432,"{'label': 'POSITIVE', 'score': 0.9968141913414001}"
433,"{'label': 'POSITIVE', 'score': 0.9880183935165405}"
434,"{'label': 'POSITIVE', 'score': 0.9970302581787109}"
435,"{'label': 'POSITIVE', 'score': 0.997965931892395}"
436,"{'label': 'POSITIVE', 'score': 0.9981277585029602}"
437,"{'label': 'NEGATIVE', 'score': 0.7394968867301941}"
438,"{'label': 'NEGATIVE', 'score': 0.99595707654953}"
439,"{'label': 'POSITIVE', 'score': 0.9943495392799377}"
440,"{'label': 'POSITIVE', 'score': 0.9973189234733582}"
441,"{'label': 'POSITIVE', 'score': 0.989966869354248}"
442,"{'label': 'POSITIVE', 'score': 0.9973170161247253}"
443,"{'label': 'POSITIVE', 'score': 0.9935577511787415}"
444,"{'label': 'POSITIVE', 'score': 0.996616542339325}"
445,"{'label': 'POSITIVE', 'score': 0.9884662628173828}"
446,"{'label': 'NEGATIVE', 'score': 0.9864180684089661}"
447,"{'label': 'POSITIVE', 'score': 0.9965758919715881}"
448,"{'label': 'POSITIVE', 'score': 0.9958957433700562}"
449,"{'label': 'POSITIVE', 'score': 0.9864584803581238}"
450,"{'label': 'POSITIVE', 'score': 0.9872685074806213}"
451,"{'label': 'POSITIVE', 'score': 0.9978396892547607}"
452,"{'label': 'NEGATIVE', 'score': 0.7567891478538513}"
453,"{'label': 'POSITIVE', 'score': 0.9984914064407349}"
454,"{'label': 'POSITIVE', 'score': 0.9946929812431335}"
455,"{'label': 'POSITIVE', 'score': 0.9886468052864075}"
456,"{'label': 'POSITIVE', 'score': 0.9871475100517273}"
457,"{'label': 'POSITIVE', 'score': 0.994534969329834}"
458,"{'label': 'POSITIVE', 'score': 0.9984388947486877}"
459,"{'label': 'POSITIVE', 'score': 0.9820351600646973}"
460,"{'label': 'POSITIVE', 'score': 0.9948567152023315}"
461,"{'label': 'POSITIVE', 'score': 0.997836172580719}"
462,"{'label': 'POSITIVE', 'score': 0.991438627243042}"
463,"{'label': 'POSITIVE', 'score': 0.9982761144638062}"
464,"{'label': 'NEGATIVE', 'score': 0.8408858180046082}"
465,"{'label': 'POSITIVE', 'score': 0.9970076680183411}"
466,"{'label': 'POSITIVE', 'score': 0.9964271187782288}"
467,"{'label': 'POSITIVE', 'score': 0.9983137845993042}"
468,"{'label': 'POSITIVE', 'score': 0.998504638671875}"
469,"{'label': 'POSITIVE', 'score': 0.9965260624885559}"
470,"{'label': 'POSITIVE', 'score': 0.996459424495697}"
471,"{'label': 'POSITIVE', 'score': 0.9978488683700562}"
472,"{'label': 'POSITIVE', 'score': 0.99757319688797}"
473,"{'label': 'POSITIVE', 'score': 0.9984110593795776}"
474,"{'label': 'POSITIVE', 'score': 0.9979938268661499}"
475,"{'label': 'POSITIVE', 'score': 0.9895780086517334}"
476,"{'label': 'POSITIVE', 'score': 0.9801766872406006}"
477,"{'label': 'POSITIVE', 'score': 0.9954522252082825}"
478,"{'label': 'POSITIVE', 'score': 0.9948176741600037}"
479,"{'label': 'POSITIVE', 'score': 0.9951238036155701}"
480,"{'label': 'POSITIVE', 'score': 0.992914080619812}"
481,"{'label': 'POSITIVE', 'score': 0.9887382984161377}"
482,"{'label': 'POSITIVE', 'score': 0.9969624876976013}"
483,"{'label': 'NEGATIVE', 'score': 0.9177528619766235}"
484,"{'label': 'NEGATIVE', 'score': 0.9978048205375671}"
485,"{'label': 'POSITIVE', 'score': 0.9959973096847534}"
486,"{'label': 'NEGATIVE', 'score': 0.9941881895065308}"
487,"{'label': 'POSITIVE', 'score': 0.9981459379196167}"
488,"{'label': 'POSITIVE', 'score': 0.9976233839988708}"
489,"{'label': 'POSITIVE', 'score': 0.9979798197746277}"
490,"{'label': 'POSITIVE', 'score': 0.9943704009056091}"
491,"{'label': 'POSITIVE', 'score': 0.9615259170532227}"
492,"{'label': 'POSITIVE', 'score': 0.9924267530441284}"
493,"{'label': 'POSITIVE', 'score': 0.9957685470581055}"
494,"{'label': 'POSITIVE', 'score': 0.9975900650024414}"
495,"{'label': 'POSITIVE', 'score': 0.9856995940208435}"
496,"{'label': 'POSITIVE', 'score': 0.9931849837303162}"
497,"{'label': 'POSITIVE', 'score': 0.9980089068412781}"
498,"{'label': 'POSITIVE', 'score': 0.9981389045715332}"
499,"{'label': 'NEGATIVE', 'score': 0.6781063079833984}"
500,"{'label': 'NEGATIVE', 'score': 0.9941535592079163}"
501,"{'label': 'NEGATIVE', 'score': 0.9844814538955688}"
502,"{'label': 'POSITIVE', 'score': 0.9944210648536682}"
503,"{'label': 'POSITIVE', 'score': 0.9979678988456726}"
504,"{'label': 'POSITIVE', 'score': 0.9981517195701599}"
505,"{'label': 'POSITIVE', 'score': 0.9968236684799194}"
506,"{'label': 'POSITIVE', 'score': 0.9949083924293518}"
507,"{'label': 'NEGATIVE', 'score': 0.9812766313552856}"
508,"{'label': 'POSITIVE', 'score': 0.9944443106651306}"
509,"{'label': 'POSITIVE', 'score': 0.9809303283691406}"
510,"{'label': 'NEGATIVE', 'score': 0.9481225609779358}"
511,"{'label': 'POSITIVE', 'score': 0.9981303811073303}"
512,"{'label': 'POSITIVE', 'score': 0.9978099465370178}"
513,"{'label': 'POSITIVE', 'score': 0.9961137771606445}"
514,"{'label': 'POSITIVE', 'score': 0.9927394986152649}"
515,"{'label': 'NEGATIVE', 'score': 0.9950756430625916}"
516,"{'label': 'POSITIVE', 'score': 0.9975062012672424}"
517,"{'label': 'POSITIVE', 'score': 0.9979378581047058}"
518,"{'label': 'POSITIVE', 'score': 0.9985805749893188}"
519,"{'label': 'POSITIVE', 'score': 0.9805890917778015}"
520,"{'label': 'POSITIVE', 'score': 0.9969484210014343}"
521,"{'label': 'POSITIVE', 'score': 0.9959529638290405}"
522,"{'label': 'POSITIVE', 'score': 0.9915874600410461}"
523,"{'label': 'POSITIVE', 'score': 0.9954214692115784}"
524,"{'label': 'NEGATIVE', 'score': 0.9967048764228821}"
525,"{'label': 'POSITIVE', 'score': 0.9930776357650757}"
526,"{'label': 'POSITIVE', 'score': 0.9949524402618408}"
527,"{'label': 'POSITIVE', 'score': 0.9973846077919006}"
528,"{'label': 'NEGATIVE', 'score': 0.9975977540016174}"
529,"{'label': 'POSITIVE', 'score': 0.9893521666526794}"
530,"{'label': 'NEGATIVE', 'score': 0.9633803963661194}"
531,"{'label': 'POSITIVE', 'score': 0.9819161891937256}"
532,"{'label': 'POSITIVE', 'score': 0.9910197854042053}"
533,"{'label': 'POSITIVE', 'score': 0.9951074123382568}"
534,"{'label': 'POSITIVE', 'score': 0.9979695677757263}"
535,"{'label': 'POSITIVE', 'score': 0.9979694485664368}"
536,"{'label': 'POSITIVE', 'score': 0.996446430683136}"
537,"{'label': 'POSITIVE', 'score': 0.9963400363922119}"
538,"{'label': 'NEGATIVE', 'score': 0.9836103916168213}"
539,"{'label': 'NEGATIVE', 'score': 0.9931052327156067}"
540,"{'label': 'POSITIVE', 'score': 0.9968844056129456}"
541,"{'label': 'POSITIVE', 'score': 0.9929949641227722}"
542,"{'label': 'POSITIVE', 'score': 0.9987077713012695}"
543,"{'label': 'POSITIVE', 'score': 0.9981009364128113}"
544,"{'label': 'NEGATIVE', 'score': 0.9961466789245605}"
545,"{'label': 'POSITIVE', 'score': 0.9969561100006104}"
546,"{'label': 'POSITIVE', 'score': 0.9849407076835632}"
547,"{'label': 'POSITIVE', 'score': 0.9905244708061218}"
548,"{'label': 'NEGATIVE', 'score': 0.9935810565948486}"
549,"{'label': 'POSITIVE', 'score': 0.9963945746421814}"
550,"{'label': 'POSITIVE', 'score': 0.9977391958236694}"
551,"{'label': 'POSITIVE', 'score': 0.987123966217041}"
552,"{'label': 'POSITIVE', 'score': 0.9976425766944885}"
553,"{'label': 'NEGATIVE', 'score': 0.9917789101600647}"
554,"{'label': 'NEGATIVE', 'score': 0.9975753426551819}"
555,"{'label': 'POSITIVE', 'score': 0.9986624717712402}"
556,"{'label': 'NEGATIVE', 'score': 0.9973558187484741}"
557,"{'label': 'POSITIVE', 'score': 0.9897313714027405}"
558,"{'label': 'POSITIVE', 'score': 0.9890195727348328}"
559,"{'label': 'POSITIVE', 'score': 0.9936766028404236}"
560,"{'label': 'POSITIVE', 'score': 0.9959532022476196}"
561,"{'label': 'POSITIVE', 'score': 0.9954745173454285}"
562,"{'label': 'NEGATIVE', 'score': 0.9948974251747131}"
563,"{'label': 'NEGATIVE', 'score': 0.997549831867218}"
564,"{'label': 'POSITIVE', 'score': 0.9886139631271362}"
565,"{'label': 'POSITIVE', 'score': 0.9988141059875488}"
566,"{'label': 'POSITIVE', 'score': 0.9972585439682007}"
567,"{'label': 'NEGATIVE', 'score': 0.9904796481132507}"
568,"{'label': 'NEGATIVE', 'score': 0.996665894985199}"
569,"{'label': 'NEGATIVE', 'score': 0.9977974891662598}"
570,"{'label': 'POSITIVE', 'score': 0.9968427419662476}"
571,"{'label': 'POSITIVE', 'score': 0.9941074848175049}"
572,"{'label': 'POSITIVE', 'score': 0.9975709319114685}"
573,"{'label': 'NEGATIVE', 'score': 0.9898390769958496}"
574,"{'label': 'POSITIVE', 'score': 0.9984619617462158}"
575,"{'label': 'POSITIVE', 'score': 0.9705742001533508}"
576,"{'label': 'POSITIVE', 'score': 0.9874189496040344}"
577,"{'label': 'POSITIVE', 'score': 0.9971267580986023}"
578,"{'label': 'POSITIVE', 'score': 0.9968506693840027}"
579,"{'label': 'POSITIVE', 'score': 0.9925394654273987}"
580,"{'label': 'POSITIVE', 'score': 0.9984686970710754}"
581,"{'label': 'POSITIVE', 'score': 0.9982736110687256}"
582,"{'label': 'POSITIVE', 'score': 0.9975058436393738}"
583,"{'label': 'POSITIVE', 'score': 0.9970443844795227}"
584,"{'label': 'POSITIVE', 'score': 0.9984354376792908}"
585,"{'label': 'NEGATIVE', 'score': 0.9989891648292542}"
586,"{'label': 'POSITIVE', 'score': 0.9981508851051331}"
587,"{'label': 'POSITIVE', 'score': 0.9984784722328186}"
588,"{'label': 'POSITIVE', 'score': 0.9981948733329773}"
589,"{'label': 'NEGATIVE', 'score': 0.9991846680641174}"
590,"{'label': 'POSITIVE', 'score': 0.996080219745636}"
591,"{'label': 'NEGATIVE', 'score': 0.9970479607582092}"
592,"{'label': 'NEGATIVE', 'score': 0.9977381229400635}"
593,"{'label': 'POSITIVE', 'score': 0.9893956780433655}"
594,"{'label': 'POSITIVE', 'score': 0.9976651668548584}"
595,"{'label': 'NEGATIVE', 'score': 0.9494873881340027}"
596,"{'label': 'NEGATIVE', 'score': 0.9744699001312256}"
597,"{'label': 'POSITIVE', 'score': 0.9909458160400391}"
598,"{'label': 'NEGATIVE', 'score': 0.9963294863700867}"
599,"{'label': 'POSITIVE', 'score': 0.9981198906898499}"
600,"{'label': 'POSITIVE', 'score': 0.9977072477340698}"
601,"{'label': 'POSITIVE', 'score': 0.9984121322631836}"
602,"{'label': 'NEGATIVE', 'score': 0.9952777624130249}"
603,"{'label': 'POSITIVE', 'score': 0.9976154565811157}"
604,"{'label': 'NEGATIVE', 'score': 0.9963064193725586}"
605,"{'label': 'NEGATIVE', 'score': 0.9987407326698303}"
606,"{'label': 'POSITIVE', 'score': 0.9927929639816284}"
607,"{'label': 'NEGATIVE', 'score': 0.9885823726654053}"
608,"{'label': 'POSITIVE', 'score': 0.9985670447349548}"
609,"{'label': 'POSITIVE', 'score': 0.9978598952293396}"
610,"{'label': 'POSITIVE', 'score': 0.9948452711105347}"
611,"{'label': 'POSITIVE', 'score': 0.9986374974250793}"
612,"{'label': 'POSITIVE', 'score': 0.9850143790245056}"
613,"{'label': 'POSITIVE', 'score': 0.9933766722679138}"
614,"{'label': 'POSITIVE', 'score': 0.9969315528869629}"
615,"{'label': 'POSITIVE', 'score': 0.9981734752655029}"
616,"{'label': 'POSITIVE', 'score': 0.9916898012161255}"
617,"{'label': 'NEGATIVE', 'score': 0.9959660768508911}"
618,"{'label': 'POSITIVE', 'score': 0.9976599216461182}"
619,"{'label': 'POSITIVE', 'score': 0.9950348138809204}"
620,"{'label': 'POSITIVE', 'score': 0.9933421015739441}"
621,"{'label': 'POSITIVE', 'score': 0.9965511560440063}"
622,"{'label': 'POSITIVE', 'score': 0.9974724650382996}"
623,"{'label': 'POSITIVE', 'score': 0.9971309900283813}"
624,"{'label': 'POSITIVE', 'score': 0.9404953122138977}"
625,"{'label': 'POSITIVE', 'score': 0.9967768788337708}"
626,"{'label': 'NEGATIVE', 'score': 0.9969480633735657}"
627,"{'label': 'NEGATIVE', 'score': 0.9601146578788757}"
628,"{'label': 'POSITIVE', 'score': 0.9960200190544128}"
629,"{'label': 'POSITIVE', 'score': 0.9866344928741455}"
630,"{'label': 'POSITIVE', 'score': 0.9852352142333984}"
631,"{'label': 'POSITIVE', 'score': 0.9982184767723083}"
632,"{'label': 'NEGATIVE', 'score': 0.9956360459327698}"
633,"{'label': 'POSITIVE', 'score': 0.9981237053871155}"
634,"{'label': 'POSITIVE', 'score': 0.9972707629203796}"
635,"{'label': 'NEGATIVE', 'score': 0.8503484725952148}"
636,"{'label': 'POSITIVE', 'score': 0.9927807450294495}"
637,"{'label': 'POSITIVE', 'score': 0.9977266192436218}"
638,"{'label': 'POSITIVE', 'score': 0.9955665469169617}"
639,"{'label': 'POSITIVE', 'score': 0.9964087605476379}"
640,"{'label': 'POSITIVE', 'score': 0.9910725951194763}"
641,"{'label': 'POSITIVE', 'score': 0.9885725975036621}"
642,"{'label': 'NEGATIVE', 'score': 0.9975848197937012}"
643,"{'label': 'POSITIVE', 'score': 0.9940598011016846}"
644,"{'label': 'POSITIVE', 'score': 0.998755693435669}"
645,"{'label': 'POSITIVE', 'score': 0.9904754757881165}"
646,"{'label': 'POSITIVE', 'score': 0.9945985078811646}"
647,"{'label': 'POSITIVE', 'score': 0.9972199201583862}"
648,"{'label': 'POSITIVE', 'score': 0.9934750199317932}"
649,"{'label': 'POSITIVE', 'score': 0.9957805871963501}"
650,"{'label': 'POSITIVE', 'score': 0.8516443371772766}"
651,"{'label': 'POSITIVE', 'score': 0.9929094314575195}"
652,"{'label': 'POSITIVE', 'score': 0.9984756112098694}"
653,"{'label': 'POSITIVE', 'score': 0.9974919557571411}"
654,"{'label': 'POSITIVE', 'score': 0.996216356754303}"
655,"{'label': 'POSITIVE', 'score': 0.9971764087677002}"
656,"{'label': 'POSITIVE', 'score': 0.996980607509613}"
657,"{'label': 'NEGATIVE', 'score': 0.9852243661880493}"
658,"{'label': 'POSITIVE', 'score': 0.9872129559516907}"
659,"{'label': 'POSITIVE', 'score': 0.9854204058647156}"
660,"{'label': 'POSITIVE', 'score': 0.9940035939216614}"
661,"{'label': 'POSITIVE', 'score': 0.996063768863678}"
662,"{'label': 'NEGATIVE', 'score': 0.9941897392272949}"
663,"{'label': 'NEGATIVE', 'score': 0.9969814419746399}"
664,"{'label': 'POSITIVE', 'score': 0.9872003793716431}"
665,"{'label': 'POSITIVE', 'score': 0.9827623963356018}"
666,"{'label': 'NEGATIVE', 'score': 0.9917243123054504}"
667,"{'label': 'POSITIVE', 'score': 0.9899569153785706}"
668,"{'label': 'POSITIVE', 'score': 0.974685788154602}"
669,"{'label': 'POSITIVE', 'score': 0.995497465133667}"
670,"{'label': 'POSITIVE', 'score': 0.9981333613395691}"
671,"{'label': 'POSITIVE', 'score': 0.9975211024284363}"
672,"{'label': 'POSITIVE', 'score': 0.9931331276893616}"
673,"{'label': 'POSITIVE', 'score': 0.9984720349311829}"
674,"{'label': 'NEGATIVE', 'score': 0.989138662815094}"
675,"{'label': 'NEGATIVE', 'score': 0.983985960483551}"
676,"{'label': 'NEGATIVE', 'score': 0.991959273815155}"
677,"{'label': 'POSITIVE', 'score': 0.9978448152542114}"
678,"{'label': 'POSITIVE', 'score': 0.9985206723213196}"
679,"{'label': 'POSITIVE', 'score': 0.9957809448242188}"
680,"{'label': 'POSITIVE', 'score': 0.9984625577926636}"
681,"{'label': 'NEGATIVE', 'score': 0.9977266192436218}"
682,"{'label': 'POSITIVE', 'score': 0.9984057545661926}"
683,"{'label': 'POSITIVE', 'score': 0.9933552742004395}"
684,"{'label': 'NEGATIVE', 'score': 0.9970142841339111}"
685,"{'label': 'NEGATIVE', 'score': 0.9975416660308838}"
686,"{'label': 'POSITIVE', 'score': 0.9985687732696533}"
687,"{'label': 'POSITIVE', 'score': 0.9909421801567078}"
688,"{'label': 'POSITIVE', 'score': 0.9970293045043945}"
689,"{'label': 'POSITIVE', 'score': 0.9980781078338623}"
690,"{'label': 'POSITIVE', 'score': 0.9978182315826416}"
691,"{'label': 'POSITIVE', 'score': 0.9982171654701233}"
692,"{'label': 'POSITIVE', 'score': 0.9916613101959229}"
693,"{'label': 'POSITIVE', 'score': 0.9532708525657654}"
694,"{'label': 'POSITIVE', 'score': 0.9925619959831238}"
695,"{'label': 'POSITIVE', 'score': 0.9986053109169006}"
696,"{'label': 'POSITIVE', 'score': 0.9928183555603027}"
697,"{'label': 'POSITIVE', 'score': 0.9976200461387634}"
698,"{'label': 'POSITIVE', 'score': 0.997683048248291}"
699,"{'label': 'NEGATIVE', 'score': 0.9829012155532837}"
700,"{'label': 'NEGATIVE', 'score': 0.9983742237091064}"
701,"{'label': 'NEGATIVE', 'score': 0.9772663116455078}"
702,"{'label': 'POSITIVE', 'score': 0.9986923336982727}"
703,"{'label': 'NEGATIVE', 'score': 0.9920557141304016}"
704,"{'label': 'NEGATIVE', 'score': 0.9944248199462891}"
705,"{'label': 'POSITIVE', 'score': 0.9908809661865234}"
706,"{'label': 'POSITIVE', 'score': 0.9932650327682495}"
707,"{'label': 'POSITIVE', 'score': 0.9948946237564087}"
708,"{'label': 'POSITIVE', 'score': 0.9912480115890503}"
709,"{'label': 'POSITIVE', 'score': 0.9980849027633667}"
710,"{'label': 'POSITIVE', 'score': 0.9898468852043152}"
711,"{'label': 'POSITIVE', 'score': 0.9978086352348328}"
712,"{'label': 'NEGATIVE', 'score': 0.9915434122085571}"
713,"{'label': 'POSITIVE', 'score': 0.9986295700073242}"
714,"{'label': 'POSITIVE', 'score': 0.998143196105957}"
715,"{'label': 'POSITIVE', 'score': 0.9950994849205017}"
716,"{'label': 'NEGATIVE', 'score': 0.9976021647453308}"
717,"{'label': 'POSITIVE', 'score': 0.9981027245521545}"
718,"{'label': 'NEGATIVE', 'score': 0.8523950576782227}"
719,"{'label': 'POSITIVE', 'score': 0.9975570440292358}"
720,"{'label': 'POSITIVE', 'score': 0.9977167844772339}"
721,"{'label': 'POSITIVE', 'score': 0.9980069994926453}"
722,"{'label': 'POSITIVE', 'score': 0.9985053539276123}"
723,"{'label': 'NEGATIVE', 'score': 0.9981708526611328}"
724,"{'label': 'NEGATIVE', 'score': 0.9669018983840942}"
725,"{'label': 'NEGATIVE', 'score': 0.9962103366851807}"
726,"{'label': 'POSITIVE', 'score': 0.9968780279159546}"
727,"{'label': 'POSITIVE', 'score': 0.9979986548423767}"
728,"{'label': 'POSITIVE', 'score': 0.997802197933197}"
729,"{'label': 'POSITIVE', 'score': 0.9818100929260254}"
730,"{'label': 'NEGATIVE', 'score': 0.9994205236434937}"
731,"{'label': 'POSITIVE', 'score': 0.9846663475036621}"
732,"{'label': 'POSITIVE', 'score': 0.9985376596450806}"
733,"{'label': 'NEGATIVE', 'score': 0.9923793077468872}"
734,"{'label': 'NEGATIVE', 'score': 0.9833881855010986}"
735,"{'label': 'POSITIVE', 'score': 0.9984203577041626}"
736,"{'label': 'NEGATIVE', 'score': 0.9920951724052429}"
737,"{'label': 'POSITIVE', 'score': 0.9968113303184509}"
738,"{'label': 'POSITIVE', 'score': 0.9922165870666504}"
739,"{'label': 'POSITIVE', 'score': 0.9966201782226562}"
740,"{'label': 'POSITIVE', 'score': 0.9965522289276123}"
741,"{'label': 'POSITIVE', 'score': 0.9978825449943542}"
742,"{'label': 'POSITIVE', 'score': 0.9977211356163025}"
743,"{'label': 'POSITIVE', 'score': 0.9885135293006897}"
744,"{'label': 'POSITIVE', 'score': 0.9985787868499756}"
745,"{'label': 'POSITIVE', 'score': 0.9954957962036133}"
746,"{'label': 'POSITIVE', 'score': 0.9976035952568054}"
747,"{'label': 'POSITIVE', 'score': 0.9978983402252197}"
748,"{'label': 'NEGATIVE', 'score': 0.9906181693077087}"
749,"{'label': 'POSITIVE', 'score': 0.9986091256141663}"
750,"{'label': 'POSITIVE', 'score': 0.9959742426872253}"
751,"{'label': 'POSITIVE', 'score': 0.992846667766571}"
752,"{'label': 'NEGATIVE', 'score': 0.9983697533607483}"
753,"{'label': 'POSITIVE', 'score': 0.9977499842643738}"
754,"{'label': 'POSITIVE', 'score': 0.9984625577926636}"
755,"{'label': 'POSITIVE', 'score': 0.9941188097000122}"
756,"{'label': 'POSITIVE', 'score': 0.9977843165397644}"
757,"{'label': 'POSITIVE', 'score': 0.9949637651443481}"
758,"{'label': 'POSITIVE', 'score': 0.9964752793312073}"
759,"{'label': 'POSITIVE', 'score': 0.9985641837120056}"
760,"{'label': 'NEGATIVE', 'score': 0.9831594228744507}"
761,"{'label': 'POSITIVE', 'score': 0.9971587657928467}"
762,"{'label': 'POSITIVE', 'score': 0.9983019828796387}"
763,"{'label': 'POSITIVE', 'score': 0.9968400001525879}"
764,"{'label': 'POSITIVE', 'score': 0.9975881576538086}"
765,"{'label': 'POSITIVE', 'score': 0.9326297044754028}"
766,"{'label': 'POSITIVE', 'score': 0.9975548386573792}"
767,"{'label': 'NEGATIVE', 'score': 0.9970768690109253}"
768,"{'label': 'POSITIVE', 'score': 0.9972148537635803}"
769,"{'label': 'POSITIVE', 'score': 0.9979692101478577}"
770,"{'label': 'POSITIVE', 'score': 0.9956262111663818}"
771,"{'label': 'POSITIVE', 'score': 0.9967753291130066}"
772,"{'label': 'POSITIVE', 'score': 0.995913565158844}"
773,"{'label': 'POSITIVE', 'score': 0.9969985485076904}"
774,"{'label': 'POSITIVE', 'score': 0.9917477369308472}"
775,"{'label': 'POSITIVE', 'score': 0.9988207221031189}"
776,"{'label': 'POSITIVE', 'score': 0.9974215030670166}"
777,"{'label': 'POSITIVE', 'score': 0.9985049962997437}"
778,"{'label': 'POSITIVE', 'score': 0.998601496219635}"
779,"{'label': 'POSITIVE', 'score': 0.9984143972396851}"
780,"{'label': 'POSITIVE', 'score': 0.9984702467918396}"
781,"{'label': 'POSITIVE', 'score': 0.9987322688102722}"
782,"{'label': 'POSITIVE', 'score': 0.9985741376876831}"
783,"{'label': 'POSITIVE', 'score': 0.9985748529434204}"
784,"{'label': 'NEGATIVE', 'score': 0.9918116331100464}"
785,"{'label': 'POSITIVE', 'score': 0.99644935131073}"
786,"{'label': 'POSITIVE', 'score': 0.9988277554512024}"
787,"{'label': 'NEGATIVE', 'score': 0.93241286277771}"
788,"{'label': 'POSITIVE', 'score': 0.9987990856170654}"
789,"{'label': 'POSITIVE', 'score': 0.9985974431037903}"
790,"{'label': 'POSITIVE', 'score': 0.9985437393188477}"
791,"{'label': 'POSITIVE', 'score': 0.9984765648841858}"
792,"{'label': 'POSITIVE', 'score': 0.9945401549339294}"
793,"{'label': 'POSITIVE', 'score': 0.9984351992607117}"
794,"{'label': 'POSITIVE', 'score': 0.99857497215271}"
795,"{'label': 'POSITIVE', 'score': 0.995841920375824}"
796,"{'label': 'POSITIVE', 'score': 0.9980286955833435}"
797,"{'label': 'POSITIVE', 'score': 0.9976599216461182}"
798,"{'label': 'POSITIVE', 'score': 0.9984459280967712}"
799,"{'label': 'POSITIVE', 'score': 0.9984216690063477}"
800,"{'label': 'POSITIVE', 'score': 0.9979178309440613}"
801,"{'label': 'POSITIVE', 'score': 0.9985066056251526}"
802,"{'label': 'POSITIVE', 'score': 0.9985414743423462}"
803,"{'label': 'POSITIVE', 'score': 0.9956204295158386}"
804,"{'label': 'POSITIVE', 'score': 0.9987443685531616}"
805,"{'label': 'POSITIVE', 'score': 0.9978360533714294}"
806,"{'label': 'POSITIVE', 'score': 0.998593270778656}"
807,"{'label': 'POSITIVE', 'score': 0.9975570440292358}"
808,"{'label': 'NEGATIVE', 'score': 0.9894155263900757}"
809,"{'label': 'POSITIVE', 'score': 0.9949496984481812}"
810,"{'label': 'POSITIVE', 'score': 0.9984644651412964}"
811,"{'label': 'POSITIVE', 'score': 0.9984557628631592}"
812,"{'label': 'POSITIVE', 'score': 0.9982028007507324}"
813,"{'label': 'POSITIVE', 'score': 0.998727023601532}"
814,"{'label': 'POSITIVE', 'score': 0.9980878233909607}"
815,"{'label': 'POSITIVE', 'score': 0.9958053827285767}"
816,"{'label': 'POSITIVE', 'score': 0.9981448650360107}"
817,"{'label': 'POSITIVE', 'score': 0.9965785145759583}"
818,"{'label': 'POSITIVE', 'score': 0.996048629283905}"
819,"{'label': 'POSITIVE', 'score': 0.7817140817642212}"
820,"{'label': 'POSITIVE', 'score': 0.998571515083313}"
821,"{'label': 'POSITIVE', 'score': 0.9985449314117432}"
822,"{'label': 'POSITIVE', 'score': 0.9972875118255615}"
823,"{'label': 'POSITIVE', 'score': 0.9966822266578674}"
824,"{'label': 'POSITIVE', 'score': 0.9986513257026672}"
825,"{'label': 'POSITIVE', 'score': 0.9985464215278625}"
826,"{'label': 'POSITIVE', 'score': 0.9953503608703613}"
827,"{'label': 'POSITIVE', 'score': 0.9980471134185791}"
828,"{'label': 'POSITIVE', 'score': 0.9978614449501038}"
829,"{'label': 'POSITIVE', 'score': 0.9921855330467224}"
830,"{'label': 'POSITIVE', 'score': 0.6734780073165894}"
831,"{'label': 'POSITIVE', 'score': 0.9948768019676208}"
832,"{'label': 'POSITIVE', 'score': 0.9974451065063477}"
833,"{'label': 'POSITIVE', 'score': 0.9941136240959167}"
834,"{'label': 'NEGATIVE', 'score': 0.9990262985229492}"
835,"{'label': 'POSITIVE', 'score': 0.9949405193328857}"
836,"{'label': 'POSITIVE', 'score': 0.9985076785087585}"
837,"{'label': 'POSITIVE', 'score': 0.9873164892196655}"
838,"{'label': 'POSITIVE', 'score': 0.9904324412345886}"
839,"{'label': 'POSITIVE', 'score': 0.9928541779518127}"
840,"{'label': 'POSITIVE', 'score': 0.9983898401260376}"
841,"{'label': 'POSITIVE', 'score': 0.9948644042015076}"
842,"{'label': 'POSITIVE', 'score': 0.993969202041626}"
843,"{'label': 'POSITIVE', 'score': 0.9983587861061096}"
844,"{'label': 'POSITIVE', 'score': 0.9970657229423523}"
845,"{'label': 'POSITIVE', 'score': 0.9983555674552917}"
846,"{'label': 'POSITIVE', 'score': 0.9983686804771423}"
847,"{'label': 'POSITIVE', 'score': 0.997982382774353}"
848,"{'label': 'POSITIVE', 'score': 0.9972668886184692}"
849,"{'label': 'POSITIVE', 'score': 0.9972032308578491}"
850,"{'label': 'POSITIVE', 'score': 0.9982278943061829}"
851,"{'label': 'POSITIVE', 'score': 0.9986134767532349}"
852,"{'label': 'POSITIVE', 'score': 0.9985744953155518}"
853,"{'label': 'POSITIVE', 'score': 0.9958130717277527}"
854,"{'label': 'NEGATIVE', 'score': 0.9944985508918762}"
855,"{'label': 'NEGATIVE', 'score': 0.9982302784919739}"
856,"{'label': 'POSITIVE', 'score': 0.9961382746696472}"
857,"{'label': 'POSITIVE', 'score': 0.983668863773346}"
858,"{'label': 'POSITIVE', 'score': 0.9981194138526917}"
859,"{'label': 'POSITIVE', 'score': 0.9971590042114258}"
860,"{'label': 'POSITIVE', 'score': 0.9972658157348633}"
861,"{'label': 'POSITIVE', 'score': 0.9461100101470947}"
862,"{'label': 'POSITIVE', 'score': 0.9986339211463928}"
863,"{'label': 'NEGATIVE', 'score': 0.9957724213600159}"
864,"{'label': 'POSITIVE', 'score': 0.9985365867614746}"
865,"{'label': 'POSITIVE', 'score': 0.9932786822319031}"
866,"{'label': 'POSITIVE', 'score': 0.9984058737754822}"
867,"{'label': 'POSITIVE', 'score': 0.9985973238945007}"
868,"{'label': 'POSITIVE', 'score': 0.9873407483100891}"
869,"{'label': 'POSITIVE', 'score': 0.9978392720222473}"
870,"{'label': 'NEGATIVE', 'score': 0.9853636622428894}"
871,"{'label': 'POSITIVE', 'score': 0.9885714650154114}"
872,"{'label': 'POSITIVE', 'score': 0.9945293068885803}"
873,"{'label': 'POSITIVE', 'score': 0.9956271648406982}"
874,"{'label': 'POSITIVE', 'score': 0.9686641097068787}"
875,"{'label': 'POSITIVE', 'score': 0.9985925555229187}"
876,"{'label': 'POSITIVE', 'score': 0.9810989499092102}"
877,"{'label': 'POSITIVE', 'score': 0.995564341545105}"
878,"{'label': 'POSITIVE', 'score': 0.9976924657821655}"
879,"{'label': 'POSITIVE', 'score': 0.9979761242866516}"
880,"{'label': 'POSITIVE', 'score': 0.9961256384849548}"
881,"{'label': 'POSITIVE', 'score': 0.9987229704856873}"
882,"{'label': 'POSITIVE', 'score': 0.9985769987106323}"
883,"{'label': 'POSITIVE', 'score': 0.9986899495124817}"
884,"{'label': 'POSITIVE', 'score': 0.9930279850959778}"
885,"{'label': 'POSITIVE', 'score': 0.9984027743339539}"
886,"{'label': 'POSITIVE', 'score': 0.9925225377082825}"
887,"{'label': 'POSITIVE', 'score': 0.9983283877372742}"
888,"{'label': 'POSITIVE', 'score': 0.9934619665145874}"
889,"{'label': 'POSITIVE', 'score': 0.9975951313972473}"
890,"{'label': 'POSITIVE', 'score': 0.9937041401863098}"
891,"{'label': 'POSITIVE', 'score': 0.993699312210083}"
892,"{'label': 'POSITIVE', 'score': 0.9962018132209778}"
893,"{'label': 'POSITIVE', 'score': 0.9979530572891235}"
894,"{'label': 'POSITIVE', 'score': 0.9958301186561584}"
895,"{'label': 'POSITIVE', 'score': 0.9881070852279663}"
896,"{'label': 'POSITIVE', 'score': 0.9982466697692871}"
897,"{'label': 'POSITIVE', 'score': 0.9924829602241516}"
898,"{'label': 'POSITIVE', 'score': 0.9977535605430603}"
899,"{'label': 'POSITIVE', 'score': 0.9914044141769409}"
900,"{'label': 'POSITIVE', 'score': 0.9972198009490967}"
901,"{'label': 'POSITIVE', 'score': 0.936467170715332}"
902,"{'label': 'POSITIVE', 'score': 0.9888344407081604}"
903,"{'label': 'POSITIVE', 'score': 0.9985234141349792}"
904,"{'label': 'POSITIVE', 'score': 0.9981938004493713}"
905,"{'label': 'POSITIVE', 'score': 0.998434841632843}"
906,"{'label': 'POSITIVE', 'score': 0.9964193105697632}"
907,"{'label': 'POSITIVE', 'score': 0.9981245398521423}"
908,"{'label': 'POSITIVE', 'score': 0.993787407875061}"
909,"{'label': 'POSITIVE', 'score': 0.993378221988678}"
910,"{'label': 'POSITIVE', 'score': 0.9972686767578125}"
911,"{'label': 'POSITIVE', 'score': 0.9987205862998962}"
912,"{'label': 'POSITIVE', 'score': 0.9908100366592407}"
913,"{'label': 'POSITIVE', 'score': 0.9974429607391357}"
914,"{'label': 'POSITIVE', 'score': 0.9958582520484924}"
915,"{'label': 'POSITIVE', 'score': 0.9986847043037415}"
916,"{'label': 'POSITIVE', 'score': 0.9973688125610352}"
917,"{'label': 'POSITIVE', 'score': 0.9966993927955627}"
918,"{'label': 'POSITIVE', 'score': 0.9953334927558899}"
919,"{'label': 'NEGATIVE', 'score': 0.9932686686515808}"
920,"{'label': 'NEGATIVE', 'score': 0.9858797192573547}"
921,"{'label': 'POSITIVE', 'score': 0.9889714121818542}"
922,"{'label': 'NEGATIVE', 'score': 0.9956238865852356}"
923,"{'label': 'POSITIVE', 'score': 0.9936050772666931}"
924,"{'label': 'POSITIVE', 'score': 0.9970276951789856}"
925,"{'label': 'POSITIVE', 'score': 0.9966517090797424}"
926,"{'label': 'POSITIVE', 'score': 0.9979507327079773}"
927,"{'label': 'POSITIVE', 'score': 0.9956009387969971}"
928,"{'label': 'POSITIVE', 'score': 0.9981831908226013}"
929,"{'label': 'NEGATIVE', 'score': 0.9942704439163208}"
930,"{'label': 'POSITIVE', 'score': 0.9957889914512634}"
931,"{'label': 'POSITIVE', 'score': 0.9936754107475281}"
932,"{'label': 'POSITIVE', 'score': 0.9867776036262512}"
933,"{'label': 'POSITIVE', 'score': 0.9948676824569702}"
934,"{'label': 'POSITIVE', 'score': 0.9985529780387878}"
935,"{'label': 'POSITIVE', 'score': 0.9974033236503601}"
936,"{'label': 'POSITIVE', 'score': 0.998324453830719}"
937,"{'label': 'POSITIVE', 'score': 0.9985900521278381}"
938,"{'label': 'POSITIVE', 'score': 0.9984098672866821}"
939,"{'label': 'POSITIVE', 'score': 0.9982604384422302}"
940,"{'label': 'POSITIVE', 'score': 0.9963089823722839}"
941,"{'label': 'POSITIVE', 'score': 0.9968344569206238}"
942,"{'label': 'POSITIVE', 'score': 0.9982307553291321}"
943,"{'label': 'NEGATIVE', 'score': 0.9941391944885254}"
944,"{'label': 'POSITIVE', 'score': 0.9956052899360657}"
945,"{'label': 'POSITIVE', 'score': 0.99569171667099}"
946,"{'label': 'POSITIVE', 'score': 0.998258650302887}"
947,"{'label': 'POSITIVE', 'score': 0.9985610842704773}"
948,"{'label': 'POSITIVE', 'score': 0.9979034662246704}"
949,"{'label': 'POSITIVE', 'score': 0.9970065951347351}"
950,"{'label': 'POSITIVE', 'score': 0.9975597858428955}"
951,"{'label': 'POSITIVE', 'score': 0.9981812238693237}"
952,"{'label': 'POSITIVE', 'score': 0.9975570440292358}"
953,"{'label': 'POSITIVE', 'score': 0.9979939460754395}"
954,"{'label': 'POSITIVE', 'score': 0.9971722960472107}"
955,"{'label': 'POSITIVE', 'score': 0.9975640773773193}"
956,"{'label': 'POSITIVE', 'score': 0.9980328679084778}"
957,"{'label': 'POSITIVE', 'score': 0.9976873397827148}"
958,"{'label': 'POSITIVE', 'score': 0.9985353946685791}"
959,"{'label': 'POSITIVE', 'score': 0.9965531826019287}"
960,"{'label': 'POSITIVE', 'score': 0.9966632723808289}"
961,"{'label': 'POSITIVE', 'score': 0.9974586367607117}"
962,"{'label': 'POSITIVE', 'score': 0.990475594997406}"
963,"{'label': 'POSITIVE', 'score': 0.9950660467147827}"
964,"{'label': 'POSITIVE', 'score': 0.9819777607917786}"
965,"{'label': 'POSITIVE', 'score': 0.9966281056404114}"
966,"{'label': 'POSITIVE', 'score': 0.9946289658546448}"
967,"{'label': 'POSITIVE', 'score': 0.9980471134185791}"
968,"{'label': 'POSITIVE', 'score': 0.9981542229652405}"
969,"{'label': 'POSITIVE', 'score': 0.995960533618927}"
970,"{'label': 'POSITIVE', 'score': 0.9980218410491943}"
971,"{'label': 'POSITIVE', 'score': 0.9982576966285706}"
972,"{'label': 'POSITIVE', 'score': 0.9985758066177368}"
973,"{'label': 'POSITIVE', 'score': 0.9981966614723206}"
974,"{'label': 'NEGATIVE', 'score': 0.997757613658905}"
975,"{'label': 'POSITIVE', 'score': 0.9956515431404114}"
976,"{'label': 'NEGATIVE', 'score': 0.9838252663612366}"
977,"{'label': 'POSITIVE', 'score': 0.9885690212249756}"
978,"{'label': 'POSITIVE', 'score': 0.9976582527160645}"
979,"{'label': 'POSITIVE', 'score': 0.9979537725448608}"
